Sector,Organisation
CCS,CRS
CCS,HAC
CCS,IOM
CCS,IRW
CCS,OCHA
CCS,Plan Sudan
CCS,RED R
CCS,SAG
CCS,UNDSS
CCS,WFP
Education,Afag
Education,Almassar 
Education,Alrahma
Education,Alsalam
Education,AMAL
Education,AOPD
Education,Areebo
Education,ASDO
Education,Badya
Education,CDF
Education,CRS
Education,DRC
Education,El Goni
Education,GAH
Education,GOAL
Education,HRCSN
Education,HSIO
Education,IMC
Education,INTERSOS
Education,IRW
Education,JRS
Education,Labena
Education,LAO
Education,Local Action
Education,Mubadiroon
Education,Muslan Hands
Education,NCA
Education,NIDAA
Education,PBA
Education,Plan Sudan
Education,Qatar Charity
Education,Roots
Education,S.MOE
Education,SAG
Education,SC-S
Education,SDCO
Education,SOED
Education,SOLO
Education,SORD
Education,SPCR
Education,SRCS
Education,TDO
Education,TGH
Education,Turath
Education,UMCOR
Education,UNAMID
Education,UNICEF
Education,UPO
Education,WAR CHILD
Education,WES
Education,WFP
Education,White Hand
Education,WVI
Education,ZENAB
Education,ZOA
FSL,ADRA
FSL,Afag
FSL,AHA
FSL,Alhusna
FSL,Almassar 
FSL,Alrahma
FSL,Alshamal
FSL,Alshamil
FSL,Anganto
FSL,Aryaf
FSL,Attamas
FSL,AVO
FSL,CIS
FSL,CONCERN
FSL,COOPI
FSL,CRLRS
FSL,CRS
FSL,DDRA
FSL,Delta
FSL,DRA
FSL,DRC
FSL,Elradoom CO
FSL,EPDO
FSL,FAO
FSL,FAR
FSL,FPDO
FSL,FRDN
FSL,GAA
FSL,GHH
FSL,GOAL
FSL,Good Plantation
FSL,GPBC
FSL,HAI
FSL,HIH
FSL,IIRO
FSL,IRD
FSL,IRW
FSL,JASMAR
FSL,JMCO
FSL,KAEDS
FSL,KSCS
FSL,Labena
FSL,MCS
FSL,Merciful Hands
FSL,Mubadiroon
FSL,NCA
FSL,NEF
FSL,NIDAA
FSL,NOHS
FSL,Noon
FSL,Nuba
FSL,Oxfam A
FSL,PA
FSL,PDNO
FSL,PODR
FSL,PREDO
FSL,QATAR RCS
FSL,RI
FSL,SAG
FSL,SC-S
FSL,SDO
FSL,SECS
FSL,SEKAR
FSL,Shabab Lagawa 
FSL,SOHA
FSL,SOLO
FSL,SORD
FSL,SOS Sahel
FSL,SPCR
FSL,SRC
FSL,SRCS
FSL,TDO
FSL,TF
FSL,TGH
FSL,Training
FSL,UAD
FSL,UKRDP
FSL,UMCOR
FSL,UNDP
FSL,UNHCR
FSL,UPO
FSL,Vetcare 
FSL,VNRD
FSL,Vonchers
FSL,VSF
FSL,WAR CHILD
FSL,WDA 
FSL,WFP
FSL,WR
FSL,WVI
FSL,Zakia Center CBO
FSL,Zarga
FSL,ZENAB
FSL,ZOA
Health,Afag
Health,AM
Health,ANHAR
Health,ARC
Health,ASDO
Health,ASSIST
Health,CDO
Health,CIS
Health,CONCERN
Health,COSV
Health,FPDO
Health,FPWA
Health,GAH
Health,GERMAN RC
Health,GOAL
Health,HAD
Health,HAI
Health,HSIO
Health,IMC
Health,IOM
Health,IRSA
Health,IRW
Health,Islamic Call
Health,JASMAR
Health,KPHF
Health,Labena
Health,MSF-B
Health,MSF-E
Health,MSF-Switzerland
Health,Mubadiroon
Health,Muslim Aid(UK)
Health,NCA
Health,NIDAA
Health,NIDO
Health,NVC
Health,PANCARE
Health,RHF
Health,RI
Health,Rufeida
Health,S.MOE
Health,SC-S
Health,SEKAR
Health,Shabab Lagawa 
Health,Sibro
Health,SMOH
Health,SRC
Health,SRCS
Health,Talawiet
Health,Turath
Health,UAD
Health,UNDP
Health,UNFPA
Health,UNICEF
Health,WDA 
Health,WHO
Health,WR
Health,WVI
Health,ZENAB
Health,ZULFA
LET,OCHA
LET,WFP
NFI,Alhusna
NFI,Alrahma
NFI,Alshroog
NFI,AORD
NFI,ARC
NFI,Badya
NFI,CIS
NFI,CONCERN
NFI,CRS
NFI,DDA
NFI,DRC
NFI,GFO
NFI,GIMAM
NFI,HAI
NFI,HSIO
NFI,IIRO
NFI,INTERSOS
NFI,IRW
NFI,JMCO
NFI,KSCS
NFI,NCA
NFI,NOHS
NFI,NRDO
NFI,Oxfam A
NFI,Plan Sudan
NFI,PODR
NFI,RDN
NFI,SAG
NFI,SOS Sahel
NFI,SRC
NFI,SRCS
NFI,TF
NFI,TGH
NFI,Turath
NFI,UMCOR
NFI,UNHCR
NFI,UNOPS
NFI,UPO
NFI,White Hand
NFI,WVI
Nutrition,Alfajer
Nutrition,Almanar
Nutrition,AM
Nutrition,ANHAR
Nutrition,ARC
Nutrition,CDO
Nutrition,CIS
Nutrition,CONCERN
Nutrition,COSV
Nutrition,CRS
Nutrition,El Goni
Nutrition,FRDN
Nutrition,GAH
Nutrition,GERMAN RC
Nutrition,GHF
Nutrition,GOAL
Nutrition,HAD
Nutrition,HAI
Nutrition,IMC
Nutrition,IOM
Nutrition,IRSA
Nutrition,KPHF
Nutrition,MSF-B
Nutrition,MSF-E
Nutrition,NCA
Nutrition,NIDAA
Nutrition,RI
Nutrition,S.MOE
Nutrition,SC-S
Nutrition,Sibro
Nutrition,SMOH
Nutrition,SRCS
Nutrition,SSO
Nutrition,Talawiet
Nutrition,TDO
Nutrition,TF
Nutrition,Turath
Nutrition,UKRDP
Nutrition,UNICEF
Nutrition,WFP
Nutrition,WR
Nutrition,WVI
Nutrition,ZENAB
Nutrition,ZULFA
Protection,ACS
Protection,Alamal
Protection,Alhusna
Protection,Almanar
Protection,AM
Protection,AMAL
Protection,AORD
Protection,ARC
Protection,Baladna
Protection,CDF
Protection,Child Right
Protection,El Goni
Protection,Elbir Charity
Protection,FPDO
Protection,GAH
Protection,HAI
Protection,IIRO
Protection,IOM
Protection,IRW
Protection,JASMAR
Protection,JMCO
Protection,KSCS
Protection,KYCCBB
Protection,Labena
Protection,Local Action
Protection,MoSW
Protection,NDU
Protection,NOCD
Protection,PODR
Protection,RDN
Protection,Rufaid
Protection,SAG
Protection,SC-S
Protection,Seema Center
Protection,Shabab Lagawa 
Protection,Sibro
Protection,SSO
Protection,TACO
Protection,TGH
Protection,UNAMID
Protection,UNDSS
Protection,UNFPA
Protection,UNHCR
Protection,UNICEF
Protection,UNOPS
Protection,UPO
Protection,WVI
Protection,YAB
RMS,JVC
RMS,UNHCR
RRR,AOSCD
RRR,CRS
RRR,FAR
RRR,IOM
RRR,QATAR RCS
RRR,SSO
RRR,Turath
RRR,UNDP
RRR,UNHCR
RRR,UNOPS
RRR,WAR CHILD
WASH,ADRA
WASH,Afag
WASH,Al Ryadh Organization
WASH,Al Sugya
WASH,Alfajer
WASH,ANHAR
WASH,AOPD
WASH,AORD
WASH,AOSCD
WASH,ARC
WASH,ASDO
WASH,Attamas
WASH,Badya
WASH,Blady
WASH,CIS
WASH,CONCERN
WASH,COOPI
WASH,CRS
WASH,DDA
WASH,DRC
WASH,FPDO
WASH,GAH
WASH,GOAL
WASH,HSIO
WASH,IAS
WASH,IMC
WASH,IOM
WASH,IRSA
WASH,IRW
WASH,Islamic Call
WASH,KSCS
WASH,Labena
WASH,MCS
WASH,MSF-B
WASH,NCA
WASH,NEF
WASH,NIDAA
WASH,Oxfam A
WASH,Plan Sudan
WASH,Qatar Charity
WASH,SAG
WASH,SC-S
WASH,SHAKIR
WASH,SOS Sahel
WASH,SRC
WASH,SRCS
WASH,TDO
WASH,TF
WASH,TGH
WASH,UMCOR
WASH,UNICEF
WASH,WES
WASH,WFP
WASH,White Hand
WASH,WR
WASH,WVI
WASH,ZOA
WASH,ZULFA
